Index,Open,High,Low,Close,Volume,Adjusted
2015-01-05,11.146853,11.363636,10.881118,11.237762,734403253,8.450785
2015-01-06,11.188811,11.664335,11.062937,11.27972,731708885,8.482335
2015-01-07,11.118881,11.307692,10.860139,11.055944,551575052,8.314055
2015-01-08,11.097902,11.104895,10.62937,10.664335,472796855,8.019567
2015-01-09,10.62937,11.363636,10.566433,10.790209,703559909,8.114223
2015-01-12,10.83916,10.986013,10.454545,10.643356,525935794,8.003791
2015-01-13,10.580419,10.776223,10.55944,10.615384,255119087,7.982756
2015-01-14,10.706293,11.041958,10.706293,10.832167,441896962,8.145777
2015-01-15,10.832167,11.293706,10.762237,11.272727,471652394,8.477076
2015-01-16,11.356643,11.713286,11.300699,11.517482,686751618,8.661133
2015-01-19,10.755244,11,10.363636,10.363636,891634858,7.793442
2015-01-20,10.405594,10.608391,10.195804,10.48951,685278509,7.888099
2015-01-21,10.55944,11.097902,10.356643,11.006993,697182727,8.277246
2015-01-22,11,11.020979,10.734265,10.930069,421475713,8.219398
2015-01-23,11.006993,11.216783,10.867132,10.930069,457661478,8.219398
2015-01-26,10.881118,10.902097,10.580419,10.790209,384050698,8.114223
2015-01-27,10.797202,10.797202,10.314685,10.496503,503237034,7.893356
2015-01-28,10.363636,10.566433,10.251748,10.356643,346350367,7.788183
2015-01-29,10.195804,10.265734,10.013986,10.083916,381764358,7.583093
2015-01-30,10.195804,10.272727,10.041958,10.118881,297247417,7.609386
2015-02-02,9.832167,9.972027,9.783216,9.818181,302613278,7.38326
2015-02-03,9.937062,10.111888,9.804195,10.104895,280656903,7.598868
2015-02-04,10.13986,10.202797,9.874125,9.916083,240091593,7.456882
2015-02-05,10.314685,10.34965,9.90909,9.916083,563895749,7.456882
2015-02-06,9.853146,10.013986,9.755244,9.853146,266762956,7.409553
2015-02-09,9.832167,9.97902,9.685314,9.902097,321157280,7.446365
2015-02-10,9.895104,10.125874,9.846153,10.090909,262681723,7.588352
2015-02-11,10.090909,10.167832,10.006993,10.083916,177501748,7.583093
2015-02-12,10.083916,10.090909,9.867132,10.034965,213004437,7.546281
2015-02-13,10.13986,10.258741,10.034965,10.090909,297964538,7.588352
2015-02-16,10.090909,10.111888,9.972027,10.06993,199084634,7.572575
2015-02-17,10.083916,10.195804,10.076923,10.118881,172551326,7.609386
2015-02-25,10.125874,10.13986,9.916083,9.986013,201533593,7.50947
2015-02-26,9.965034,10.265734,9.867132,10.223776,307469988,7.688266
2015-02-27,10.20979,10.34965,10.125874,10.160839,279717824,7.640939
2015-03-02,10.195804,10.195804,10.041958,10.125874,312831484,7.614644
2015-03-03,10.097902,10.097902,9.776223,9.790209,380912553,7.362225
2015-03-04,9.825174,9.83916,9.685314,9.727272,223932272,7.314896
2015-03-05,9.678321,9.678321,9.447552,9.496503,323901549,7.141358
2015-03-06,9.496503,9.636363,9.468531,9.531468,183092004,7.167653
2015-03-09,9.657342,10.27972,9.517482,10.146853,621766110,7.630422
2015-03-10,10.013986,10.048951,9.83916,9.860139,364428012,7.414812
2015-03-11,9.90909,10.181818,9.90909,9.965034,307549702,7.493692
2015-03-12,10.244755,10.881118,10.195804,10.573426,904878084,7.951202
2015-03-13,10.622377,11.048951,10.545454,10.692307,629455081,8.040602
2015-03-16,10.881118,10.916083,10.62937,10.818181,452046833,8.135259
2015-03-17,10.90909,10.965034,10.741258,10.867132,442839032,8.17207
2015-03-18,10.888111,11.104895,10.790209,11.104895,507156847,8.350867
2015-03-19,11.104895,11.111888,10.895104,10.937062,452982404,8.224656
2015-03-20,10.923076,11.251748,10.748251,11.013986,652839647,8.282504
2015-03-23,11.062937,11.216783,11.027972,11.125874,511357618,8.366643
2015-03-24,11.111888,11.188811,10.90909,10.972027,464260285,8.25095
2015-03-25,10.90909,10.993006,10.594405,10.657342,474374374,8.014308
2015-03-26,10.594405,10.895104,10.517482,10.741258,403747219,8.077413
2015-03-27,10.713286,10.874125,10.608391,10.741258,311990218,8.077413
2015-03-30,10.874125,11.328671,10.797202,11.202797,697043003,8.424491
2015-03-31,11.524475,11.594405,11.006993,11.041958,706490433,8.303538
2015-04-01,11.041958,11.286713,11.013986,11.153846,437406087,8.387678
2015-04-02,11.398601,11.454545,11.097902,11.314685,586425342,8.508629
2015-04-03,11.188811,11.391608,11.13986,11.328671,458116955,8.519146
2015-04-07,11.538461,11.797202,11.503496,11.685314,718232090,8.787341
2015-04-08,11.6993,11.916083,11.503496,11.902097,736187416,8.950361
2015-04-09,11.923076,12.223776,11.748251,11.797202,711189704,8.871483
2015-04-10,11.790209,12.286713,11.720279,12.258741,645707126,9.218558
2015-04-13,12.580419,12.923076,12.321678,12.608391,831411430,9.481495
2015-04-14,12.608391,12.615384,12.27972,12.510489,533156997,9.407872
2015-04-15,12.447552,12.902097,12.384615,12.55944,642990784,9.444684
2015-04-16,12.566433,13.055944,12.482517,13.041958,594857939,9.807535
2015-04-17,13.251748,13.321678,12.916083,13.006993,700927829,9.781242
2015-04-20,13.090909,13.090909,12.307692,12.517482,818583206,9.413132
2015-04-21,12.412587,12.720279,12.412587,12.6993,526518393,9.549858
2015-04-22,12.797202,12.972027,12.643356,12.937062,601696442,9.728656
2015-04-23,12.937062,13.034965,12.664335,12.741258,519938892,9.58141
2015-04-24,12.447552,12.608391,12.20979,12.363636,604785765,9.297439
2015-04-27,12.391608,12.762237,12.391608,12.706293,549894219,9.555117
2015-04-28,12.755244,13.286713,12.587412,12.797202,858077205,9.62348
2015-04-29,12.776223,13.048951,12.62937,12.958041,512503035,9.744431
2015-04-30,12.783216,12.90909,12.622377,12.636363,590247546,9.502528
2015-05-04,12.587412,12.587412,12.307692,12.454545,369032327,9.365802
2015-05-05,12.398601,12.412587,11.783216,11.944055,536802604,8.981915
2015-05-06,11.944055,12.244755,11.867132,11.930069,434159264,8.971397
2015-05-07,11.90909,12.083916,11.874125,11.937062,306578705,8.976656
2015-05-08,12.020979,12.097902,11.762237,11.965034,263920800,8.997689
2015-05-11,11.874125,12.104895,11.741258,12.076923,396329400,9.081831
2015-05-12,12.062937,12.167832,11.916083,12.055944,313422167,9.066056
2015-05-13,12.118881,12.160839,11.818181,11.937062,350699632,8.976656
2015-05-14,11.958041,12.062937,11.846153,11.881118,275077587,8.934586
2015-05-15,11.825174,11.937062,11.601398,11.734265,299724091,8.824153
2015-05-18,11.622377,11.720279,11.426573,11.454545,268203941,8.613803
2015-05-19,11.447552,11.951048,11.433566,11.916083,346419317,8.960879
2015-05-20,11.916083,12.230769,11.867132,11.993006,379916275,9.018724
2015-05-21,12.062937,12.167832,11.958041,12.111888,237956980,9.108124
2015-05-22,12.20979,12.440559,12.125874,12.41958,354765186,9.339509
2015-05-25,12.482517,12.713286,12.475524,12.685314,391640911,9.53934
2015-05-26,12.741258,12.902097,12.524475,12.860139,431381374,9.670809
2015-05-27,12.895104,13.041958,12.622377,12.636363,424627499,9.502528
2015-05-28,12.657342,12.685314,11.895104,11.916083,477666060,8.960879
2015-05-29,11.944055,12.132867,11.685314,11.916083,366204860,8.960879
2015-06-01,11.916083,12.643356,11.790209,12.538461,409522334,9.428908
2015-06-02,12.538461,12.566433,12.237762,12.475524,321657815,9.381577
2015-06-03,12.510489,12.622377,12.265734,12.517482,349119753,9.413132
2015-06-04,12.587412,13.146853,12.293706,13.027972,674766847,9.797018
2015-06-05,13.286713,13.405594,12.601398,12.888111,518260821,9.691844
2015-06-08,12.888111,12.888111,12.888111,12.888111,0,9.691844
2015-06-09,12.888111,12.888111,12.888111,12.888111,0,9.691844
2015-06-10,12.888111,12.888111,12.888111,12.888111,0,9.691844
2015-06-11,12.888111,12.888111,12.888111,12.888111,0,9.691844
2015-06-12,12.888111,12.888111,12.888111,12.888111,0,9.691844
2015-06-15,12.888111,12.888111,12.888111,12.888111,0,9.691844
2015-06-16,12.888111,12.888111,12.888111,12.888111,0,9.691844
2015-06-17,12.930069,13.272727,12.552447,12.727272,733759672,9.570893
2015-06-18,12.650349,12.762237,12.335664,12.391608,397964325,9.318474
2015-06-19,12.293706,12.552447,11.776223,11.937062,397669016,8.976656
2015-06-23,11.503496,11.951048,11.356643,11.902097,425780909,9.365701
2015-06-24,11.90909,12.097902,11.594405,12.062937,368690203,9.492266
2015-06-25,12.307692,12.405594,11.643356,11.685314,388458115,9.195117
2015-06-26,11.48951,11.944055,10.720279,11.083916,517340723,8.721878
2015-06-29,11.398601,11.55944,10.356643,11.125874,601566238,8.754896
2015-06-30,11.13986,11.874125,11.125874,11.860139,536838116,9.332685
2015-07-01,11.755244,11.83916,11.328671,11.412587,358295075,8.980509
2015-07-02,11.538461,11.76923,11.055944,11.447552,460838748,9.008023
2015-07-03,11.461538,11.636363,10.55944,11.097902,447162532,8.732883
2015-07-06,12.167832,12.20979,11.62937,12.041958,942973309,9.475758
2015-07-07,11.846153,12.461538,11.510489,12.286713,1020681807,9.668353
2015-07-08,11.328671,12.237762,11.055944,11.153846,1198269099,8.776907
2015-07-09,11.153846,12.167832,10.755244,11.853146,779689300,9.327182
2015-07-10,11.720279,12.692307,11.643356,12.083916,926309053,9.508773
2015-07-13,11.881118,12.223776,11.755244,11.916083,532810349,9.376707
2015-07-14,11.734265,11.874125,11.440559,11.713286,437187894,9.217128
2015-07-15,11.678321,11.97902,11.545454,11.937062,498002576,9.393215
2015-07-16,11.937062,11.972027,11.685314,11.860139,259405715,9.332685
2015-07-17,11.90909,12.020979,11.804195,11.902097,280176436,9.365701
2015-07-20,11.888111,11.90909,11.643356,11.664335,247272961,9.178608
2015-07-21,11.594405,11.692307,11.398601,11.454545,223463613,9.013526
2015-07-22,11.41958,11.454545,11.293706,11.300699,172104361,8.892466
2015-07-23,11.356643,11.545454,11.314685,11.48951,163771419,9.041038
2015-07-24,11.48951,11.531468,11.27972,11.286713,176761125,8.881458
2015-07-27,11.188811,11.258741,10.377622,10.433566,321880960,8.210123
2015-07-28,10.265734,10.76923,10.223776,10.657342,351915984,8.38621
2015-07-29,10.643356,10.6993,10.573426,10.692307,194277936,8.413724
2015-07-30,10.692307,10.741258,10.405594,10.41958,170058063,8.199118
2015-07-31,10.468531,10.601398,10.244755,10.538461,335966010,8.292663
2015-08-03,10.482517,10.90909,10.391608,10.860139,303684998,8.54579
2015-08-04,10.825174,10.958041,10.755244,10.930069,121770740,8.600817
2015-08-05,10.90909,10.937062,10.678321,10.706293,83205811,8.424729
2015-08-06,10.601398,10.888111,10.587412,10.755244,93490532,8.463247
2015-08-07,10.895104,10.937062,10.762237,10.818181,93382228,8.512773
2015-08-10,10.804195,11.090909,10.734265,11.034965,167221633,8.683359
2015-08-11,10.97902,11.013986,10.846153,10.888111,150298895,8.567801
2015-08-12,10.76923,10.90909,10.755244,10.762237,113233631,8.468751
2015-08-13,10.818181,10.881118,10.692307,10.804195,105868918,8.501768
2015-08-14,10.818181,10.867132,10.748251,10.832167,94889094,8.523779
2015-08-17,10.776223,10.776223,10.643356,10.713286,172875678,8.430234
2015-08-18,10.734265,10.853146,10.370629,10.398601,283776666,8.182608
2015-08-19,10.398601,10.608391,10.13986,10.48951,284658798,8.254143
2015-08-20,10.447552,10.482517,10.251748,10.265734,126018438,8.078056
2015-08-21,10.216783,10.307692,9.930069,9.944055,177023728,7.824928
2015-08-24,9.741258,9.755244,8.951048,9,478848983,7.082056
2015-08-25,8.76923,9.146853,8.328671,8.664335,413943080,6.817923
2015-08-26,8.846153,9.335664,8.671328,9.104895,336356860,7.164597
2015-08-27,9.202797,9.853146,9.076923,9.776223,303172592,7.692863
2015-08-28,9.860139,10.013986,9.685314,9.958041,298799865,7.835934
2015-08-31,9.930069,10.475524,9.762237,10.461538,289758776,8.232133
2015-09-01,10.251748,10.727272,10.076923,10.720279,436013703,8.435736
2015-09-02,10.41958,10.748251,10.293706,10.412587,364714740,8.193614
2015-09-07,10.300699,10.496503,9.902097,10.13986,411766538,7.979007
2015-09-08,10.153846,10.601398,9.944055,10.531468,473064295,8.28716
2015-09-09,10.426573,10.678321,10.426573,10.601398,345942072,8.342188
2015-09-10,10.531468,10.678321,10.461538,10.664335,294221107,8.391714
2015-09-11,10.734265,10.951048,10.6993,10.881118,412853237,8.562298
2015-09-14,10.83916,11.153846,10.440559,11.13986,263029348,8.765902
2015-09-15,10.860139,10.874125,10.657342,10.811188,153871514,8.507271
2015-09-16,10.706293,11.048951,10.510489,10.790209,106004444,8.490763
2015-09-17,10.727272,10.811188,10.55944,10.566433,72713576,8.314674
2015-09-18,10.601398,10.692307,10.503496,10.510489,58485924,8.270652
2015-09-21,10.461538,10.545454,10.377622,10.468531,57898291,8.237636
2015-09-22,10.468531,10.650349,10.468531,10.524475,55303584,8.281657
2015-09-23,10.426573,10.48951,10.265734,10.454545,78050306,8.22663
2015-09-24,10.454545,10.6993,10.398601,10.678321,112773477,8.402718
2015-09-25,10.594405,10.923076,10.594405,10.902097,194581379,8.578806
2015-09-28,10.874125,11.160839,10.783216,11.132867,130738916,8.760399
2015-09-29,11.041958,11.181818,10.958041,11.167832,163292061,8.787913
2015-09-30,11.153846,11.643356,11.118881,11.62937,301784515,9.151093
2015-10-08,11.748251,11.748251,11.06993,11.097902,200281721,8.732883
2015-10-09,11.167832,11.293706,11.083916,11.118881,59381944,8.749393
2015-10-12,11.118881,11.363636,11,11.230769,133895627,8.837437
2015-10-13,11.174825,11.265734,11.083916,11.167832,78219282,8.787913
2015-10-14,11.055944,11.251748,11.055944,11.118881,63345871,8.749393
2015-10-15,11.118881,11.118881,11.118881,11.118881,0,8.749393
2015-10-16,11.118881,11.118881,11.118881,11.118881,0,8.749393
2015-10-19,11.118881,11.118881,11.118881,11.118881,0,8.749393
2015-10-20,11.118881,11.118881,11.118881,11.118881,0,8.749393
2015-10-21,11.118881,11.118881,11.118881,11.118881,0,8.749393
2015-10-22,11.118881,11.118881,11.118881,11.118881,0,8.749393
2015-10-23,11.118881,11.118881,11.118881,11.118881,0,8.749393
2015-10-26,11.20979,11.587412,11.20979,11.384615,144488708,8.958497
2015-10-27,11.34965,11.503496,11.293706,11.412587,107155614,8.980509
2015-10-28,11.370629,11.566433,11.251748,11.405594,106143587,8.975006
2015-10-29,11.398601,11.62937,11.34965,11.601398,108337607,9.129085
2015-10-30,11.538461,11.664335,11.454545,11.461538,65015542,9.019029
2015-11-02,11.398601,11.552447,11.342657,11.475524,54515591,9.030033
2015-11-03,11.468531,11.727272,11.447552,11.510489,86493642,9.057547
2015-11-04,11.48951,11.832167,11.48951,11.776223,93027208,9.266653
2015-11-05,11.783216,12.636363,11.713286,12.384615,331473558,9.745393
2015-11-06,12.251748,12.713286,12.244755,12.503496,182459741,9.83894
2015-11-09,12.531468,13.41958,12.503496,12.692307,225682682,9.987513
2015-11-10,12.587412,13.06993,12.461538,12.846153,200810807,10.108575
2015-11-11,12.874125,12.930069,12.237762,12.398601,131746216,9.756398
2015-11-12,12.447552,12.468531,11.993006,12.13986,111239927,9.552796
2015-11-13,12.027972,12.307692,11.993006,12.293706,105009413,9.673858
2015-11-16,12.125874,12.293706,12.027972,12.181818,64556872,9.585814
2015-11-17,12.20979,12.454545,12.181818,12.195804,90861167,9.596818
2015-11-18,12.216783,12.363636,12.055944,12.160839,82345946,9.569304
2015-11-19,12.097902,12.580419,12.097902,12.517482,146637132,9.849945
2015-11-20,12.454545,13.027972,12.433566,12.916083,211934880,10.163603
2015-11-23,12.944055,13.377622,12.895104,13.328671,244821421,10.488267
2015-11-24,13.216783,13.370629,13,13.321678,185026475,10.482763
2015-11-25,13.216783,13.762237,12.895104,13.755244,466930429,10.823934
2015-11-26,13.636363,13.776223,13.426573,13.545454,307370261,10.658851
2015-11-27,13.398601,13.580419,12.867132,12.958041,151020488,10.19662
2015-11-30,12.895104,13.153846,12.307692,13.041958,139616372,10.262653
2015-12-01,12.832167,13.286713,12.643356,13.048951,90705723,10.268156
2015-12-02,12.944055,13.986013,12.923076,13.881118,219659548,10.922983
2015-12-03,13.776223,13.825174,13.440559,13.461538,157795250,10.592818
2015-12-04,13.475524,13.475524,13.06993,13.083916,100494462,10.295669
2015-12-07,13.083916,13.636363,13.083916,13.601398,119185946,10.702874
2015-12-08,13.482517,14.06993,13.153846,14.055944,343035477,11.060555
2015-12-09,13.692307,13.692307,13.363636,13.447552,131630734,10.581812
2015-12-10,13.524475,13.902097,13.363636,13.475524,81640573,10.603825
2015-12-11,13.293706,13.440559,12.888111,13.006993,124505561,10.23514
2015-12-14,12.804195,13.027972,12.608391,12.902097,101153849,10.152597
2015-12-15,12.895104,13.160839,12.706293,12.804195,73910653,10.075558
2015-12-16,12.83916,12.902097,12.664335,12.713286,55341915,10.004023
2015-12-17,12.76923,13.013986,12.727272,12.930069,76224821,10.174607
2015-12-18,12.930069,13.846153,12.888111,13.153846,131863051,10.350698
2015-12-21,13.13986,13.566433,12.965034,13.384615,117960817,10.532289
2015-12-22,13.293706,13.48951,13.125874,13.216783,75965523,10.400222
2015-12-23,13.223776,13.377622,13.013986,13.202797,94563284,10.389217
2015-12-24,13.181818,13.384615,13.055944,13.314685,81755322,10.47726
2015-12-25,13.300699,13.622377,13.237762,13.510489,79261892,10.631337
2015-12-28,13.545454,13.587412,13.020979,13.076923,71472398,10.290168
2015-12-29,13.027972,13.230769,12.860139,13.104895,67622504,10.312177
2015-12-30,13.083916,13.132867,12.804195,12.986013,51032960,10.21863
2015-12-31,12.951048,12.951048,12.76923,12.776223,39948677,10.053549
2016-01-04,12.783216,12.783216,12.272727,12.447552,60404072,9.794918
2016-01-05,12.244755,12.62937,12.167832,12.55944,83018353,9.882961
2016-01-06,12.517482,12.685314,12.370629,12.657342,66884893,9.96
2016-01-07,12.447552,12.517482,12.167832,12.244755,16231184,9.635338
2016-01-08,12.405594,12.503496,11.825174,12.230769,102843163,9.624331
2016-01-11,12.034965,12.202797,11.860139,11.923076,128953303,9.382211
2016-01-12,12.006993,12.251748,11.944055,12.202797,79185469,9.602322
2016-01-13,12.286713,12.517482,12.132867,12.160839,68453116,9.569304
2016-01-14,11.888111,12.580419,11.811188,12.531468,78419531,9.860951
2016-01-15,12.447552,12.692307,12.251748,12.293706,66814088,9.673858
2016-01-18,12.188811,12.580419,12.111888,12.363636,46802478,9.728883
2016-01-19,12.433566,12.503496,12.237762,12.426573,42624237,9.778409
2016-01-20,12.314685,12.377622,11.944055,12.062937,51435149,9.492266
2016-01-21,12.041958,12.20979,11.538461,11.594405,48901874,9.123582
2016-01-22,11.776223,11.965034,11.531468,11.902097,60070464,9.365701
2016-01-25,11.888111,12.006993,11.692307,11.90909,33689328,9.371205
2016-01-26,11.860139,11.986013,11.468531,11.650349,54740065,9.167603
2016-01-27,11.713286,11.874125,11.545454,11.664335,63336569,9.178608
2016-01-28,11.720279,11.762237,11.104895,11.594405,55630117,9.123582
2016-01-29,11.552447,11.923076,11.475524,11.818181,67823470,9.299667
2016-02-01,11.881118,11.888111,11.475524,11.538461,41669622,9.079558
2016-02-02,11.538461,11.846153,11.510489,11.720279,36294802,9.222631
2016-02-03,11.608391,11.650349,11.503496,11.615384,39724231,9.140089
2016-02-04,11.776223,12.111888,11.62937,12.097902,67442889,9.519779
2016-02-05,12.055944,12.860139,11.993006,12.853146,112131239,10.114077
2016-02-15,12.573426,12.923076,12.447552,12.902097,96233733,10.152597
2016-02-16,12.902097,12.902097,12.902097,12.902097,0,10.152597
2016-02-17,12.902097,12.902097,12.902097,12.902097,0,10.152597
2016-02-18,12.902097,12.902097,12.902097,12.902097,0,10.152597
2016-02-19,12.902097,12.902097,12.902097,12.902097,0,10.152597
2016-02-22,12.902097,12.902097,12.902097,12.902097,0,10.152597
2016-02-23,12.902097,12.902097,12.902097,12.902097,0,10.152597
2016-02-24,12.902097,12.902097,12.902097,12.902097,0,10.152597
2016-02-25,12.902097,12.902097,12.902097,12.902097,0,10.152597
2016-02-26,12.902097,12.902097,12.902097,12.902097,0,10.152597
2016-02-29,12.902097,12.902097,12.902097,12.902097,0,10.152597
2016-03-01,12.902097,12.902097,12.902097,12.902097,0,10.152597
2016-03-02,12.902097,12.902097,12.902097,12.902097,0,10.152597
2016-03-03,12.902097,12.902097,12.902097,12.902097,0,10.152597
2016-03-04,12.902097,12.902097,12.902097,12.902097,0,10.152597
2016-03-07,12.902097,12.902097,12.902097,12.902097,0,10.152597
2016-03-08,12.902097,12.902097,12.902097,12.902097,0,10.152597
2016-03-09,12.902097,12.902097,12.902097,12.902097,0,10.152597
2016-03-10,12.902097,12.902097,12.902097,12.902097,0,10.152597
2016-03-11,12.244755,12.258741,11.615384,11.867132,140483660,9.338188
2016-03-14,11.804195,12.216783,11.762237,11.790209,81398801,9.277657
2016-03-15,11.853146,12.020979,11.755244,11.902097,53683532,9.365701
2016-03-16,11.832167,12.636363,11.825174,12.608391,155018260,9.921481
2016-03-17,12.454545,12.720279,12.202797,12.377622,98149211,9.739889
2016-03-18,12.440559,12.587412,12.342657,12.475524,80062794,9.816929
2016-03-21,12.433566,12.762237,12.433566,12.62937,60062190,9.937989
2016-03-22,12.650349,13.027972,12.601398,12.692307,62577959,9.987513
2016-03-23,12.6993,12.832167,12.62937,12.678321,39798036,9.976508
2016-03-24,12.664335,12.664335,12.363636,12.391608,39251028,9.750896
2016-03-25,12.391608,12.496503,12.363636,12.405594,19475434,9.761901
2016-03-28,12.433566,12.587412,12.146853,12.202797,35066025,9.602322
2016-03-29,12.258741,12.34965,12.146853,12.202797,27386147,9.602322
2016-03-30,12.342657,12.552447,12.342657,12.496503,50853871,9.833437
2016-03-31,12.573426,12.643356,12.391608,12.538461,33979820,9.866453
2016-04-01,12.573426,12.762237,12.314685,12.713286,51180473,10.004023
2016-04-05,12.545454,12.790209,12.41958,12.706293,60949884,9.998519
2016-04-06,12.608391,12.685314,12.496503,12.55944,33503075,9.882961
2016-04-07,12.552447,12.587412,12.328671,12.370629,41538229,9.734387
2016-04-08,12.27972,12.41958,12.258741,12.307692,24499108,9.684862
2016-04-11,12.307692,12.461538,12.272727,12.356643,34488218,9.723382
2016-04-12,12.370629,12.377622,12.258741,12.321678,20164085,9.695868
2016-04-13,12.398601,12.580419,12.370629,12.405594,50321293,9.761901
2016-04-14,12.517482,12.594405,12.412587,12.447552,22588577,9.794918
2016-04-15,12.552447,12.62937,12.447552,12.510489,49726142,9.844441
2016-04-18,12.412587,12.608391,12.34965,12.454545,40160310,9.80042
2016-04-19,12.552447,12.573426,12.433566,12.517482,38962310,9.849945
2016-04-20,12.510489,12.580419,12.104895,12.55944,66658893,9.882961
2016-04-21,12.461538,12.832167,12.412587,12.671328,68944468,9.971005
2016-04-22,12.587412,12.83916,12.545454,12.755244,40294771,10.037039
2016-04-25,12.692307,12.6993,12.461538,12.503496,34740934,9.83894
2016-04-26,12.496503,12.643356,12.412587,12.531468,22507342,9.860951
2016-04-27,12.566433,12.566433,12.447552,12.48951,19789591,9.827934
2016-04-28,12.538461,12.657342,12.468531,12.517482,22491636,9.849945
2016-04-29,12.468531,12.545454,12.412587,12.468531,32984284,9.811426
2016-05-03,12.552447,12.755244,12.468531,12.671328,39720713,9.971005
2016-05-04,12.62937,12.748251,12.601398,12.643356,33060111,9.948995
2016-05-05,12.62937,12.671328,12.573426,12.62937,21359383,9.937989
2016-05-06,12.636363,12.657342,12.384615,12.398601,33471671,9.756398
2016-05-09,12.384615,12.447552,12.167832,12.244755,31385055,9.635338
2016-05-10,12.153846,12.27972,12.153846,12.223776,24090706,9.618828
2016-05-11,12.272727,12.286713,12.167832,12.202797,17075864,9.602322
2016-05-12,12.188811,12.237762,12.027972,12.174825,20976604,9.58031
2016-05-13,12.146853,12.20979,12.041958,12.055944,15749775,9.486764
2016-05-16,12.048951,12.132867,12.034965,12.090909,15795242,9.514277
2016-05-17,12.090909,12.125874,12,12.062937,13964168,9.492266
2016-05-18,12.062937,12.321678,11.902097,12.27972,44276307,9.662851
2016-05-19,12.195804,12.230769,12.118881,12.132867,14844581,9.547293
2016-05-20,12.104895,12.237762,12.076923,12.202797,15931088,9.602322
2016-05-23,12.237762,12.363636,12.195804,12.272727,20135342,9.657348
2016-05-24,12.223776,12.307692,12.188811,12.272727,15338091,9.657348
2016-05-25,12.363636,12.398601,12.307692,12.356643,19685720,9.723382
2016-05-26,12.342657,12.48951,12.342657,12.377622,15823038,9.739889
2016-05-27,12.370629,12.426573,12.328671,12.405594,16618376,9.761901
2016-05-30,12.475524,12.566433,12.363636,12.552447,25079603,9.877459
2016-05-31,12.538461,12.867132,12.531468,12.790209,50953082,10.064551
2016-06-01,12.797202,12.832167,12.678321,12.720279,26186766,10.009526
2016-06-02,12.727272,12.797202,12.538461,12.601398,25434730,9.915978
2016-06-03,12.671328,12.678321,12.517482,12.594405,25745022,9.910476
2016-06-06,12.622377,12.664335,12.566433,12.601398,25534433,9.915978
2016-06-07,12.657342,12.678321,12.566433,12.601398,23643595,9.915978
2016-06-08,12.594405,12.636363,12.566433,12.580419,33974369,9.89947
2016-06-13,12.48951,12.545454,12.426573,12.433566,42973763,9.783913
2016-06-14,12.426573,12.468531,12.377622,12.440559,26845900,9.789415
2016-06-15,12.314685,12.41958,12.272727,12.405594,37655013,9.761901
2016-06-16,12.356643,12.538461,12.307692,12.447552,44145711,9.794918
2016-06-17,12.412587,12.580419,12.405594,12.426573,24899493,9.778409
2016-06-20,12.538461,12.538461,12.412587,12.482517,13844537,9.822433
2016-06-21,12.503496,12.552447,12.412587,12.433566,22669608,9.783913
2016-06-22,12.447552,12.517482,12.433566,12.510489,20345326,9.844441
2016-06-23,12.230769,12.230769,12.084615,12.092307,16746983,9.797416
2016-06-24,12.076923,12.146153,11.6,11.753846,39748178,9.523188
2016-06-27,11.761538,11.838461,11.676923,11.776923,24912548,9.541886
2016-06-28,11.746153,11.76923,11.676923,11.753846,16327773,9.523188
2016-06-29,11.761538,11.953846,11.753846,11.923076,27629356,9.660301
2016-06-30,11.923076,12.046153,11.876923,11.976923,26956651,9.703929
2016-07-01,11.976923,12.276923,11.953846,12.246153,32638422,9.922064
2016-07-04,12.2,12.330769,12.153846,12.253846,27835145,9.928298
2016-07-05,12.261538,12.26923,12.115384,12.146153,21023099,9.841043
2016-07-06,12.084615,12.123076,12.007692,12.030769,29869463,9.747558
2016-07-07,12.023076,12.030769,11.884615,11.976923,31847454,9.703929
2016-07-08,11.961538,11.96923,11.876923,11.884615,19371730,9.629139
2016-07-11,11.96923,11.976923,11.846153,11.86923,29708238,9.616675
2016-07-12,11.907692,12.038461,11.884615,12.030769,33208669,9.747558
2016-07-13,12.038461,12.284615,12.030769,12.146153,47109472,9.841043
2016-07-14,12.130769,12.184615,12.030769,12.076923,21948447,9.78495
2016-07-15,12.084615,12.115384,12.038461,12.084615,20797530,9.791183
2016-07-18,12.1,12.238461,12.046153,12.130769,36097076,9.828577
2016-07-19,12.130769,12.153846,12.038461,12.1,22333760,9.803649
2016-07-20,12.076923,12.123076,12.023076,12.115384,19326483,9.816113
2016-07-21,12.107692,12.207692,12.076923,12.176923,28626578,9.865973
2016-07-22,12.161538,12.16923,11.984615,12.023076,21725210,9.741323
2016-07-25,12.023076,12.123076,12.023076,12.06923,14874561,9.778717
2016-07-26,12.06923,12.146153,12.038461,12.107692,26601116,9.809881
2016-07-27,12.1,12.215384,11.884615,12.207692,52906529,9.890902
2016-07-28,12.130769,12.146153,12.038461,12.061538,22686783,9.772486
2016-07-29,12.038461,12.084615,12.007692,12.076923,18652791,9.78495
2016-08-01,12.061538,12.192307,12.038461,12.153846,29782925,9.847276
2016-08-02,12.146153,12.192307,12.061538,12.115384,14141159,9.816113
2016-08-03,12.030769,12.092307,12.015384,12.053846,13759187,9.766254
2016-08-04,12.06923,12.06923,11.915384,11.992307,20293647,9.716393
2016-08-05,12,12.153846,11.992307,12.1,22943072,9.803649
2016-08-08,12.123076,12.123076,12.046153,12.107692,17068177,9.809881
2016-08-09,12.115384,12.153846,12.084615,12.146153,20125142,9.841043
2016-08-10,12.153846,12.192307,12.1,12.176923,24049395,9.865973
2016-08-11,12.115384,12.615384,12.107692,12.361538,68496247,10.015551
2016-08-12,12.4,12.607692,12.307692,12.584615,61089121,10.196292
2016-08-15,12.692307,13.092307,12.653846,13.030769,100534020,10.557775
2016-08-16,13.030769,13.06923,12.823076,12.846153,64199246,10.408196
2016-08-17,12.861538,12.961538,12.707692,12.8,47380576,10.370802
2016-08-18,12.730769,12.9,12.576923,12.646153,48243180,10.246152
2016-08-19,12.638461,12.692307,12.584615,12.630769,25905490,10.233687
2016-08-22,12.630769,12.66923,12.546153,12.623076,25699219,10.227455
2016-08-23,12.623076,12.738461,12.553846,12.615384,41280681,10.221222
2016-08-24,12.623076,12.7,12.56923,12.607692,22211051,10.214989
2016-08-25,12.584615,12.623076,12.461538,12.56923,32174889,10.183827
2016-08-26,12.584615,12.615384,12.530769,12.56923,19094472,10.183827
2016-08-29,12.546153,12.592307,12.36923,12.484615,39262629,10.115272
2016-08-30,12.492307,12.684615,12.492307,12.615384,47316090,10.221222
2016-08-31,12.576923,12.738461,12.553846,12.676923,28604469,10.271083
2016-09-01,12.676923,12.730769,12.6,12.623076,27653661,10.227455
2016-09-02,12.6,12.692307,12.576923,12.676923,30091101,10.271083
2016-09-05,12.684615,12.753846,12.630769,12.684615,33380145,10.277314
2016-09-06,12.684615,12.715384,12.592307,12.623076,26367441,10.227455
2016-09-07,12.623076,12.692307,12.576923,12.676923,23368225,10.271083
2016-09-08,12.66923,12.776923,12.638461,12.76923,31728970,10.345871
2016-09-09,12.784615,12.815384,12.692307,12.738461,24361312,10.32094
2016-09-12,12.6,12.66923,12.507692,12.615384,47461930,10.221222
2016-09-13,12.615384,12.661538,12.607692,12.653846,18504691,10.252384
2016-09-14,12.638461,12.676923,12.6,12.615384,31175836,10.221222
2016-09-19,12.653846,12.7,12.630769,12.661538,18805741,10.258616
2016-09-20,12.66923,12.676923,12.630769,12.661538,22615854,10.258616
2016-09-21,12.66923,12.7,12.638461,12.653846,12240932,10.252384
2016-09-22,12.684615,12.761538,12.66923,12.715384,14986181,10.302242
2016-09-23,12.730769,12.730769,12.676923,12.676923,13260598,10.271083
2016-09-26,12.653846,12.746153,12.623076,12.676923,26999941,10.271083
2016-09-27,12.630769,12.707692,12.630769,12.676923,22133111,10.271083
2016-09-28,12.676923,12.715384,12.661538,12.676923,16694587,10.271083
2016-09-29,12.707692,12.730769,12.684615,12.692307,14296630,10.283547
2016-09-30,12.692307,12.715384,12.676923,12.684615,15847348,10.277314
2016-10-10,12.715384,12.76923,12.676923,12.730769,24266910,10.314711
2016-10-11,12.746153,12.753846,12.692307,12.746153,16497475,10.327174
2016-10-12,12.723076,12.723076,12.676923,12.7,13837049,10.28978
2016-10-13,12.7,12.707692,12.630769,12.638461,18855662,10.23992
2016-10-14,12.638461,12.66923,12.6,12.661538,13858148,10.258616
2016-10-17,12.623076,12.646153,12.476923,12.515384,21352375,10.1402
2016-10-18,12.523076,12.607692,12.492307,12.56923,23727382,10.183827
2016-10-19,12.576923,12.607692,12.492307,12.515384,14486117,10.1402
2016-10-20,12.515384,12.56923,12.5,12.530769,11681532,10.152665
2016-10-21,12.530769,12.56923,12.476923,12.538461,14150237,10.158898
2016-10-24,12.538461,12.753846,12.515384,12.66923,32184413,10.264851
2016-10-25,12.676923,12.692307,12.584615,12.630769,17302117,10.233687
2016-10-26,12.615384,12.630769,12.538461,12.553846,16167846,10.171363
2016-10-27,12.538461,12.546153,12.446153,12.453846,25372690,10.090342
2016-10-28,12.453846,12.56923,12.446153,12.530769,19587365,10.152665
2016-10-31,12.484615,12.546153,12.315384,12.515384,19075287,10.1402
2016-11-01,12.507692,12.561538,12.46923,12.538461,16936736,10.158898
2016-11-02,12.46923,12.538461,12.446153,12.461538,32566508,10.096575
2016-11-03,12.453846,12.6,12.453846,12.576923,33623343,10.190061
2016-11-04,12.538461,12.715384,12.530769,12.615384,27971417,10.221222
2016-11-07,12.607692,12.653846,12.6,12.630769,27757155,10.233687
2016-11-08,12.653846,12.723076,12.646153,12.66923,22499301,10.264851
2016-11-09,12.66923,12.715384,12.584615,12.661538,51774556,10.258616
2016-11-10,12.730769,12.8,12.676923,12.746153,26629920,10.327174
2016-11-11,12.738461,12.792307,12.653846,12.761538,28000944,10.339639
2016-11-14,12.715384,12.846153,12.707692,12.76923,23561844,10.345871
2016-11-15,12.761538,12.776923,12.692307,12.761538,20428384,10.339639
2016-11-16,12.761538,12.792307,12.723076,12.76923,16114155,10.345871
2016-11-17,12.753846,12.792307,12.707692,12.76923,29534122,10.345871
2016-11-18,12.761538,12.8,12.730769,12.76923,38056697,10.345871
2016-11-21,12.761538,12.86923,12.723076,12.8,27862188,10.370802
2016-11-22,12.823076,12.861538,12.792307,12.830769,27405258,10.395731
2016-11-23,12.830769,13.253846,12.815384,13.023076,58547355,10.551542
2016-11-24,13.023076,13.16923,12.96923,12.992307,27356082,10.526612
2016-11-25,12.992307,13.153846,12.930769,13.146153,30335799,10.651262
2016-11-28,13.192307,13.453846,13.192307,13.238461,43985865,10.72605
2016-11-29,13.238461,13.346153,13.161538,13.276923,38389127,10.757214
2016-11-30,13.292307,13.423076,13.153846,13.2,26175533,10.694888
2016-12-01,13.192307,13.284615,13.115384,13.192307,23983984,10.688656
2016-12-02,13.153846,13.215384,12.923076,13.153846,44064637,10.657494
2016-12-05,13.038461,13.323076,13.007692,13.307692,49661778,10.782144
2016-12-06,13.292307,13.4,13.230769,13.246153,27232497,10.732284
2016-12-07,13.207692,13.230769,13.123076,13.130769,20215972,10.638797
2016-12-08,13.192307,13.230769,13.107692,13.184615,17204939,10.682425
2016-12-09,13.184615,13.430769,13.16923,13.330769,37486342,10.80084
2016-12-12,13.338461,13.515384,13.223076,13.453846,62867420,10.900559
2016-12-13,13.353846,13.415384,13.2,13.207692,20283729,10.701122
2016-12-14,13.207692,13.4,13.16923,13.215384,23218717,10.707353
2016-12-15,13.176923,13.176923,12.846153,12.846153,40052496,10.408196
2016-12-16,12.846153,12.946153,12.792307,12.815384,18890775,10.383265
2016-12-19,12.807692,12.846153,12.7,12.707692,11028540,10.296013
2016-12-20,12.707692,12.738461,12.4,12.523076,29283562,10.146432
2016-12-21,12.507692,12.592307,12.5,12.553846,16430451,10.171363
2016-12-22,12.553846,12.561538,12.415384,12.453846,14948947,10.090342
2016-12-23,12.438461,12.476923,12.361538,12.453846,14544277,10.090342
2016-12-26,12.407692,12.523076,12.315384,12.5,18827192,10.127736
2016-12-27,12.5,12.553846,12.407692,12.415384,13865571,10.059178
2016-12-28,12.415384,12.453846,12.330769,12.376923,18773983,10.028017
2016-12-29,12.376923,12.423076,12.3,12.361538,15406700,10.015551
2016-12-30,12.361538,12.484615,12.338461,12.46923,15940817,10.102805
2017-01-03,12.46923,12.646153,12.438461,12.538461,21108262,10.158898
2017-01-04,12.530769,12.576923,12.446153,12.561538,38556354,10.177595
2017-01-05,12.538461,12.6,12.492307,12.538461,34368939,10.158898
2017-01-06,12.538461,12.538461,12.407692,12.446153,22354277,10.084107
2017-01-09,12.492307,12.530769,12.407692,12.461538,19381368,10.096575
2017-01-10,12.446153,12.492307,12.415384,12.453846,10395782,10.090342
2017-01-11,12.492307,12.492307,12.423076,12.430769,11951331,10.071644
2017-01-12,12.446153,12.461538,12.392307,12.4,10784995,10.046714
2017-01-13,12.384615,12.530769,12.384615,12.515384,24744385,10.1402
2017-01-16,12.484615,12.76923,12.384615,12.738461,69296141,10.32094
2017-01-17,12.661538,12.723076,12.592307,12.623076,16321879,10.227455
2017-01-18,12.630769,12.730769,12.584615,12.676923,14922261,10.271083
2017-01-19,12.638461,12.8,12.638461,12.723076,15834893,10.308476
2017-01-20,12.753846,12.815384,12.692307,12.76923,18574748,10.345871
2017-01-23,12.815384,12.838461,12.7,12.746153,19001502,10.327174
2017-01-24,12.753846,12.846153,12.753846,12.838461,19480813,10.401963
2017-01-25,12.838461,12.876923,12.776923,12.838461,14670329,10.401963
2017-01-26,12.838461,12.953846,12.776923,12.876923,11183779,10.433125
2017-02-03,12.938461,12.961538,12.784615,12.792307,10626575,10.364568
2017-02-06,12.884615,12.907692,12.815384,12.815384,17492605,10.383265
2017-02-07,12.807692,12.876923,12.792307,12.823076,19187069,10.389499
2017-02-08,12.792307,12.838461,12.723076,12.823076,14610527,10.389499
2017-02-09,12.830769,12.9,12.761538,12.861538,14810944,10.420662
2017-02-10,12.892307,12.953846,12.846153,12.907692,18180840,10.458056
2017-02-13,12.984615,13,12.907692,12.961538,25990733,10.501683
2017-02-14,12.976923,12.984615,12.876923,12.884615,16883405,10.439359
2017-02-15,12.938461,13.023076,12.884615,12.953846,33394441,10.495451
2017-02-16,12.984615,13.007692,12.892307,12.907692,21226181,10.458056
2017-02-17,12.907692,12.938461,12.761538,12.8,18022734,10.370802
2017-02-20,12.784615,13.061538,12.784615,13.007692,38934979,10.539078
2017-02-21,12.984615,13.138461,12.930769,12.984615,22761853,10.520381
2017-02-22,12.984615,13,12.86923,12.884615,22141960,10.439359
2017-02-23,12.907692,12.946153,12.8,12.838461,19514492,10.401963
2017-02-24,12.823076,12.884615,12.815384,12.853846,15073462,10.414428
2017-02-27,12.838461,12.861538,12.715384,12.761538,17851954,10.339639
2017-02-28,12.753846,12.823076,12.715384,12.761538,15727325,10.339639
2017-03-01,12.753846,12.784615,12.707692,12.738461,21095079,10.32094
2017-03-02,12.784615,12.784615,12.607692,12.623076,24695621,10.227455
2017-03-03,12.630769,12.638461,12.553846,12.576923,16158307,10.190061
2017-03-06,12.592307,12.715384,12.576923,12.623076,20414876,10.227455
2017-03-07,12.6,12.653846,12.592307,12.638461,12115794,10.23992
2017-03-08,12.615384,12.646153,12.576923,12.607692,13142541,10.214989
2017-03-09,12.592307,12.615384,12.476923,12.476923,22575832,10.109037
2017-03-10,12.484615,12.523076,12.438461,12.484615,21315287,10.115272
2017-03-13,12.484615,12.56923,12.430769,12.56923,23335191,10.183827
2017-03-14,12.56923,12.576923,12.492307,12.507692,22085672,10.133969
2017-03-15,12.492307,12.523076,12.438461,12.492307,24570421,10.121503
2017-03-16,12.515384,12.576923,12.5,12.530769,24747508,10.152665
2017-03-17,12.538461,12.553846,12.415384,12.461538,28028460,10.096575
2017-03-20,12.492307,12.5,12.407692,12.415384,19523147,10.059178
2017-03-21,12.423076,12.430769,12.292307,12.307692,40462002,9.971924
2017-03-22,12.292307,12.292307,12.076923,12.138461,56954857,9.834811
2017-03-23,12.153846,12.246153,12.146153,12.215384,28893358,9.897136
2017-03-24,12.192307,12.307692,12.176923,12.276923,25872607,9.946996
2017-03-27,12.284615,12.407692,12.230769,12.338461,24696579,9.996853
2017-03-28,12.392307,12.407692,12.284615,12.315384,17176859,9.978157
2017-03-29,12.315384,12.392307,12.153846,12.207692,30480829,9.890902
2017-03-30,12.215384,12.230769,12.092307,12.161538,30738687,9.853508
2017-03-31,12.138461,12.346153,12.130769,12.315384,31443256,9.978157
2017-04-05,12.346153,12.461538,12.223076,12.430769,40347152,10.071644
2017-04-06,12.376923,12.446153,12.330769,12.384615,29036074,10.034249
2017-04-07,12.353846,12.430769,12.323076,12.384615,26165032,10.034249
2017-04-10,12.4,12.4,12.261538,12.284615,21000231,9.953226
2017-04-11,12.284615,12.3,12.161538,12.223076,24194787,9.903367
2017-04-12,12.215384,12.276923,12.115384,12.223076,28873703,9.903367
2017-04-13,12.215384,12.223076,12.1,12.115384,30454645,9.816113
2017-04-14,12.123076,12.138461,11.861538,11.930769,52203518,9.666535
2017-04-17,11.946153,12,11.76923,11.96923,47761282,9.697697
2017-04-18,11.923076,11.938461,11.76923,11.76923,29756974,9.535652
2017-04-19,11.730769,11.746153,11.623076,11.623076,31792029,9.417235
2017-04-20,11.630769,11.646153,11.461538,11.46923,53379827,9.292586
2017-04-21,11.476923,11.592307,11.423076,11.576923,29494865,9.379842
2017-04-24,11.576923,11.623076,11.46923,11.538461,22916143,9.348679
2017-04-25,11.553846,11.615384,11.530769,11.576923,16868694,9.379842
2017-04-26,11.584615,11.623076,11.538461,11.576923,19421832,9.379842
2017-04-27,11.576923,11.730769,11.561538,11.7,29753938,9.479561
2017-04-28,11.653846,11.707692,11.6,11.7,20434061,9.479561
2017-05-02,11.7,11.707692,11.638461,11.661538,16389761,9.448399
2017-05-03,11.661538,11.661538,11.576923,11.6,18522325,9.398539
2017-05-04,11.592307,11.592307,11.461538,11.523076,25321124,9.336213
2017-05-05,11.5,11.523076,11.16923,11.476923,52252950,9.29882
2017-05-08,11.36923,11.461538,11.161538,11.430769,56639148,9.261425
2017-05-09,11.3,11.415384,11.276923,11.353846,24993139,9.1991
2017-05-10,11.353846,11.423076,11.192307,11.238461,36867236,9.105613
2017-05-11,11.207692,11.376923,11.192307,11.346153,35506780,9.192868
2017-05-12,11.346153,11.715384,11.330769,11.7,59453453,9.479561
2017-05-15,11.746153,11.86923,11.661538,11.746153,38955566,9.516954
2017-05-16,11.715384,11.761538,11.6,11.746153,32338014,9.516954
2017-05-17,11.723076,11.738461,11.592307,11.7,43464734,9.479561
2017-05-18,11.615384,11.646153,11.5,11.546153,39855305,9.354911
2017-05-19,11.56923,11.6,11.46923,11.553846,37193813,9.361145
2017-05-22,11.553846,11.584615,11.484615,11.56923,39295418,9.37361
2017-05-23,11.538461,11.976923,11.523076,11.86923,98020556,9.616675
2017-05-24,11.830769,11.938461,11.7,11.9,91570736,9.641603
2017-05-25,11.75,12.93,11.72,12.93,222373433,10.613342
2017-05-26,12.81,12.91,12.54,12.84,176456630,10.539467
2017-05-31,12.75,13.05,12.66,12.84,113009809,10.539467
2017-06-01,12.78,12.97,12.69,12.92,96217055,10.605133
2017-06-02,12.93,13.01,12.74,12.89,80197701,10.580508
2017-06-05,12.79,12.88,12.51,12.85,75876475,10.547676
2017-06-06,12.8,12.84,12.66,12.8,36104406,10.506635
2017-06-07,12.81,12.99,12.78,12.84,64395191,10.539467
2017-06-08,12.76,12.86,12.67,12.84,48194843,10.539467
2017-06-09,12.79,13.2,12.77,12.93,114434319,10.613342
2017-06-12,12.9,13.14,12.76,12.78,73931192,10.490217
2017-06-13,12.78,12.78,12.56,12.59,52716070,10.33426
2017-06-14,12.6,12.64,12.31,12.46,55306982,10.227551
2017-06-15,12.41,12.46,12.28,12.38,37492860,10.161885
2017-06-16,12.38,12.46,12.27,12.35,47351062,10.137261
2017-06-19,12.35,12.35,12.35,12.35,0,10.137261
2017-06-20,12.41,12.44,12.22,12.29,44645196,10.088011
2017-06-21,12.4,12.4,12.26,12.34,34000062,10.129052
2017-06-22,12.33,12.84,12.29,12.57,110259441,10.317842
2017-06-23,12.55,12.65,12.36,12.64,68579079,10.375301
2017-06-26,12.64,12.82,12.55,12.64,60509162,10.375301
2017-06-27,12.64,12.73,12.53,12.7,46687475,10.424551
2017-06-28,12.66,12.91,12.6,12.79,75349557,10.498425
2017-06-29,12.81,12.86,12.7,12.76,38994542,10.473801
2017-06-30,12.7,12.73,12.59,12.65,36566479,10.38351
2017-07-03,12.64,12.65,12.47,12.56,38778949,10.309634
2017-07-04,12.55,12.58,12.41,12.55,36659128,10.301427
2017-07-05,12.5,12.65,12.47,12.62,26470507,10.358885
2017-07-06,12.62,12.72,12.51,12.66,37414241,10.391717
2017-07-07,12.62,12.69,12.55,12.6,24667294,10.342468
2017-07-10,12.59,12.64,12.52,12.53,26411530,10.285009
2017-07-11,12.51,12.94,12.51,12.8,96835349,10.506635
2017-07-12,12.8,13.06,12.74,12.86,80469025,10.555883
2017-07-13,12.82,13.29,12.77,13.27,110219238,10.892425
2017-07-14,13.34,13.8,13.34,13.59,146865370,11.15509
2017-07-17,13.62,14.02,13.28,13.76,178661221,11.294632
2017-07-18,13.65,13.72,13.4,13.55,69895876,11.122256
2017-07-19,13.56,13.78,13.48,13.69,66108709,11.237173
2017-07-20,13.67,13.7,13.53,13.62,40017492,11.179715
2017-07-21,13.61,13.63,13.38,13.45,52272375,11.040174
2017-07-24,13.45,13.74,13.36,13.67,65820954,11.220757
2017-07-25,13.62,13.75,13.41,13.51,58478099,11.089424
2017-07-26,13.45,13.7,13.36,13.38,57495388,10.982716
2017-07-27,13.38,13.47,13.28,13.38,33612097,10.982716
2017-07-28,13.37,13.49,13.3,13.47,24954961,11.056592
2017-07-31,13.45,13.52,13.31,13.36,45083081,10.966299
2017-08-01,13.42,13.49,13.32,13.43,64198064,11.023757
2017-08-02,13.44,13.6,13.39,13.44,61644148,11.031966
2017-08-03,13.42,13.42,13.04,13.08,78581867,10.736466
2017-08-04,13.09,13.1,12.85,12.87,63181971,10.564092
2017-08-07,12.87,12.95,12.83,12.93,29528429,10.613342
2017-08-08,12.91,12.93,12.83,12.87,23570298,10.564092
2017-08-09,12.84,12.88,12.75,12.76,32303821,10.473801
2017-08-10,12.74,12.88,12.7,12.79,44056044,10.498425
2017-08-11,12.72,12.73,12.46,12.68,88890056,10.408134
2017-08-14,12.62,12.63,12.52,12.56,45562027,10.309634
2017-08-15,12.58,12.76,12.56,12.59,62591905,10.33426
2017-08-16,12.56,12.56,12.47,12.49,33886531,10.252176
2017-08-17,12.49,12.55,12.47,12.53,39091156,10.285009
2017-08-18,12.5,12.57,12.46,12.51,35976632,10.268594
2017-08-21,12.5,12.57,12.46,12.51,33810237,10.268594
2017-08-22,12.51,12.53,12.41,12.43,58829999,10.202927
2017-08-23,12.44,12.66,12.41,12.57,96871587,10.317842
2017-08-24,12.58,12.66,12.45,12.47,62153175,10.23576
2017-08-25,12.47,12.8,12.47,12.78,145590666,10.490217
2017-08-28,12.83,12.96,12.75,12.89,104113170,10.580508
2017-08-29,12.85,12.98,12.77,12.96,60063956,10.637967
2017-08-30,12.91,12.98,12.82,12.87,60479990,10.564092
2017-08-31,12.83,12.84,12.65,12.71,44790313,10.432759
2017-09-01,12.68,12.87,12.68,12.77,39264131,10.482009
2017-09-04,12.78,12.84,12.65,12.78,35667447,10.490217
2017-09-05,12.78,13.09,12.78,13.03,73493027,10.695424
2017-09-06,12.99,13.05,12.9,12.96,33823576,10.637967
2017-09-07,12.94,13.02,12.82,12.85,38224782,10.547676
2017-09-08,12.85,13.12,12.83,13.03,64778087,10.695424
2017-09-11,13.15,13.15,12.95,12.99,52234735,10.662591
2017-09-12,13,13.04,12.91,13.04,51012322,10.703634
2017-09-13,13.01,13.01,12.86,12.87,31972897,10.564092
2017-09-14,12.88,12.98,12.81,12.85,24160832,10.547676
2017-09-15,12.82,12.86,12.75,12.83,24874312,10.531259
2017-09-18,12.82,12.96,12.8,12.91,35747529,10.596926
2017-09-19,12.93,12.95,12.82,12.9,30170124,10.588717
2017-09-20,12.88,12.93,12.83,12.88,19867148,10.572302
2017-09-21,12.86,12.95,12.83,12.87,20140268,10.564092
2017-09-22,12.84,12.92,12.79,12.89,24192687,10.580508
2017-09-25,12.89,12.95,12.71,12.94,50687628,10.62155
2017-09-26,12.89,12.93,12.85,12.86,22163311,10.555883
2017-09-27,12.83,12.91,12.76,12.85,26374752,10.547676
2017-09-28,12.85,12.88,12.77,12.84,24124934,10.539467
2017-09-29,12.82,12.91,12.81,12.87,19822263,10.564092
2017-10-09,13.27,13.29,13,13.04,52149081,10.703634
2017-10-10,13.05,13.1,12.98,13.1,27493986,10.752883
2017-10-11,13.08,13.11,13.03,13.06,18706308,10.72005
2017-10-12,13.05,13.09,12.97,13.05,17125284,10.711842
2017-10-13,13.01,13.08,12.92,12.94,20857578,10.62155
2017-10-16,12.98,13.06,12.94,13.04,23611164,10.703634
2017-10-17,13.04,13.06,12.94,12.99,14692320,10.662591
2017-10-18,12.99,13.1,12.93,13.07,45458736,10.728259
2017-10-19,13.03,13.16,12.98,13.13,52881168,10.777508
2017-10-20,13.09,13.1,13.01,13.01,17228409,10.679008
2017-10-23,12.94,12.95,12.83,12.84,31563834,10.539467
2017-10-24,12.84,12.95,12.82,12.86,27236042,10.555883
2017-10-25,12.86,12.94,12.82,12.9,20743829,10.588717
2017-10-26,12.87,12.88,12.78,12.82,25275166,10.52305
2017-10-27,12.85,12.94,12.82,12.85,32673820,10.547676
2017-10-30,12.84,12.84,12.59,12.7,74713617,10.424551
2017-10-31,12.6,12.66,12.58,12.61,20120724,10.350676
2017-11-01,12.63,12.72,12.53,12.54,35368712,10.293219
2017-11-02,12.52,12.57,12.43,12.53,48267038,10.285009
2017-11-03,12.53,12.6,12.43,12.58,32848169,10.326051
2017-11-06,12.56,12.56,12.45,12.47,20016827,10.23576
2017-11-07,12.49,12.6,12.41,12.54,38677337,10.293219
2017-11-08,12.54,12.68,12.49,12.58,37134146,10.326051
2017-11-09,12.57,12.63,12.53,12.55,17463373,10.301427
2017-11-10,12.54,12.63,12.46,12.63,49925359,10.367092
2017-11-13,12.65,12.85,12.63,12.8,78009337,10.506635
2017-11-14,12.76,12.77,12.58,12.6,33754928,10.342468
2017-11-15,12.6,12.63,12.55,12.6,28076530,10.342468
2017-11-16,12.57,12.57,12.38,12.39,35680762,10.170094
2017-11-17,12.38,12.8,12.38,12.78,109336535,10.490217
2017-11-20,12.7,12.86,12.61,12.85,61495420,10.547676
2017-11-21,12.81,13.17,12.75,12.94,116179412,10.62155
2017-11-22,13,13.44,13,13.23,114576266,10.859591
2017-11-23,13.24,13.32,12.91,13.06,81912602,10.72005
2017-11-24,13.11,13.18,12.93,13.09,59612483,10.744675
2017-11-27,13.09,13.12,12.81,13.1,79250273,10.752883
2017-11-28,13.03,13.07,12.92,12.94,34031908,10.62155
2017-11-29,12.95,13.04,12.81,12.94,41846783,10.62155
2017-11-30,12.91,12.95,12.8,12.91,39916356,10.596926
2017-12-01,12.93,12.95,12.81,12.91,38577445,10.596926
2017-12-04,12.87,12.94,12.84,12.92,36479233,10.605133
2017-12-05,12.92,13.27,12.91,13.17,123796797,10.810341
2017-12-06,13.12,13.16,12.91,12.96,43564931,10.637967
2017-12-07,12.95,13.03,12.93,12.96,34612960,10.637967
2017-12-08,12.98,12.99,12.87,12.93,31296221,10.613342
2017-12-11,12.92,13.04,12.85,12.97,36649902,10.646176
2017-12-12,12.97,12.97,12.74,12.75,30370097,10.465593
2017-12-13,12.8,12.81,12.63,12.74,19345338,10.457384
2017-12-14,12.79,12.79,12.66,12.69,16141678,10.416342
2017-12-15,12.69,12.73,12.61,12.62,16210108,10.358885
2017-12-18,12.71,12.71,12.61,12.65,13445648,10.38351
2017-12-19,12.65,12.76,12.62,12.75,18399603,10.465593
2017-12-20,12.76,12.76,12.6,12.73,26639844,10.449175
2017-12-21,12.67,12.78,12.6,12.7,21052388,10.424551
2017-12-22,12.68,12.72,12.61,12.62,16076938,10.358885
2017-12-25,12.61,12.68,12.56,12.59,19306662,10.33426
2017-12-26,12.57,12.66,12.56,12.64,15225722,10.375301
2017-12-27,12.65,12.66,12.53,12.62,32731881,10.358885
2017-12-28,12.6,12.66,12.53,12.54,23870824,10.293219
2017-12-29,12.52,12.62,12.51,12.59,16351826,10.33426
2018-01-02,12.61,12.77,12.6,12.72,31323053,10.440968
2018-01-03,12.73,12.8,12.66,12.66,37839101,10.391717
2018-01-04,12.7,12.73,12.62,12.66,27883804,10.391717
2018-01-05,12.67,12.71,12.62,12.69,31026744,10.416342
2018-01-08,12.69,12.71,12.63,12.68,31389887,10.408134
2018-01-09,12.68,12.74,12.66,12.7,26215432,10.424551
2018-01-10,12.7,13.09,12.68,13.02,90679990,10.687218
2018-01-11,12.95,13.04,12.87,12.94,37816412,10.62155
2018-01-12,12.97,13,12.9,12.91,24203419,10.596926
2018-01-15,12.88,13.08,12.85,13.02,61320680,10.687218
2018-01-16,12.97,13.06,12.78,12.9,74892652,10.588717
2018-01-17,12.91,13.42,12.89,13.1,127132813,10.752883
2018-01-18,13.14,13.25,13.05,13.24,111608076,10.867799
2018-01-19,13.33,13.61,13.18,13.24,171648871,10.867799
2018-01-22,12.93,13.15,12.71,12.77,272513801,10.482009
2018-01-23,12.75,12.92,12.68,12.9,217827457,10.588717
2018-01-24,12.97,14,12.89,13.57,379653629,11.138674
2018-01-25,13.54,13.76,13.36,13.65,176989631,11.20434
2018-01-26,13.65,13.72,13.36,13.41,218419685,11.007341
2018-01-29,13.48,13.53,13.32,13.46,153783104,11.048382
2018-01-30,13.45,13.49,13.09,13.11,107804018,10.761092
2018-01-31,13.05,13.19,12.98,13.17,117703264,10.810341
2018-02-01,13.14,13.33,12.94,13.3,173573331,10.917049
2018-02-02,13.19,13.19,13.01,13.14,71796780,10.785717
2018-02-05,13,13.54,12.98,13.49,150149657,11.073008
2018-02-06,13.29,13.5,13.2,13.48,244358992,11.064798
2018-02-07,13.58,13.9,13.24,13.45,200770115,11.040174
2018-02-08,13.34,13.4,12.95,13.1,109426872,10.752883
2018-02-09,12.89,12.98,12.24,12.78,149257356,10.490217
2018-02-12,12.66,12.68,12.43,12.49,64799197,10.252176
2018-02-13,12.55,12.68,12.5,12.51,54900214,10.268594
2018-02-14,12.5,12.55,12.38,12.46,32597811,10.227551
2018-02-22,12.6,12.68,12.53,12.63,42012285,10.367092
2018-02-23,12.66,12.78,12.59,12.72,38736515,10.440968
2018-02-26,12.77,12.84,12.61,12.73,48806055,10.449175
2018-02-27,12.75,12.76,12.61,12.69,48561087,10.416342
2018-02-28,12.61,12.66,12.44,12.46,39888938,10.227551
2018-03-01,12.4,12.5,12.38,12.47,34491031,10.23576
2018-03-02,12.4,12.46,12.36,12.41,23024132,10.18651
2018-03-05,12.41,12.48,12.34,12.42,29343464,10.194718
2018-03-06,12.48,12.51,12.38,12.49,27222668,10.252176
2018-03-07,12.51,12.6,12.46,12.49,38817575,10.252176
2018-03-08,12.55,12.55,12.4,12.47,22164132,10.23576
2018-03-09,12.49,12.51,12.42,12.48,23558287,10.243968
2018-03-12,12.53,12.54,12.46,12.5,25161821,10.260385
2018-03-13,12.5,12.58,12.43,12.49,25145000,10.252176
2018-03-14,12.45,12.45,12.38,12.39,22804603,10.170094
2018-03-15,12.35,12.41,12.34,12.39,17287774,10.170094
2018-03-16,12.36,12.4,12.3,12.3,26781399,10.096219
2018-03-19,12.31,12.33,12.26,12.31,16896048,10.104427
2018-03-20,12.28,12.39,12.25,12.32,20672283,10.112635
2018-03-21,12.34,12.4,12.28,12.29,23878465,10.088011
2018-03-22,12.35,12.35,12.25,12.25,22948484,10.055178
2018-03-23,12,12.05,11.64,11.71,57106391,9.611928
2018-03-26,11.71,11.75,11.5,11.61,36425054,9.529845
2018-03-27,11.7,11.77,11.56,11.62,27332809,9.538054
2018-03-28,11.53,11.75,11.52,11.57,22911282,9.497011
2018-03-29,11.57,11.71,11.45,11.62,33108805,9.538054
2018-03-30,11.63,11.69,11.61,11.65,23271965,9.562678
2018-04-02,11.68,11.82,11.65,11.71,27719599,9.611928
2018-04-03,11.66,11.66,11.54,11.56,18303514,9.488805
2018-04-04,11.61,11.65,11.53,11.53,19637509,9.46418
2018-04-09,11.53,11.59,11.49,11.5,16722481,9.439554
2018-04-10,11.52,11.79,11.51,11.77,28748298,9.661179
2018-04-11,11.79,12.02,11.75,11.91,31298519,9.776094
2018-04-12,11.91,11.96,11.76,11.78,18824289,9.669386
2018-04-13,11.83,11.89,11.69,11.69,14094853,9.595511
2018-04-16,11.8,11.8,11.54,11.55,23720095,9.480596
2018-04-17,11.56,11.7,11.55,11.55,25469983,9.480596
2018-04-18,11.75,11.79,11.66,11.73,26295275,9.628345
2018-04-19,11.8,11.89,11.76,11.8,16553270,9.685802
2018-04-20,11.74,11.79,11.57,11.61,18377407,9.529845
2018-04-23,11.56,11.75,11.53,11.6,18181610,9.521637
2018-04-24,11.56,11.78,11.56,11.78,23032861,9.669386
2018-04-25,11.71,11.77,11.65,11.66,16082634,9.570887
2018-04-26,11.73,11.78,11.55,11.57,18205794,9.497011
2018-04-27,11.58,11.67,11.56,11.61,23450783,9.529845
2018-05-02,11.33,11.33,10.97,11.03,69325684,9.053763
2018-05-03,10.99,11.01,10.83,10.92,34665572,8.963472
2018-05-04,10.91,10.94,10.8,10.83,22253089,8.889597
2018-05-07,10.82,10.89,10.76,10.84,27425378,8.897805
2018-05-08,10.84,10.97,10.81,10.95,28796453,8.988097
2018-05-09,10.95,11,10.89,10.93,18510621,8.971681
2018-05-10,10.98,11,10.91,10.95,16030500,8.988097
2018-05-11,11,11.01,10.94,10.95,22015135,8.988097
2018-05-14,10.97,11.05,10.96,11,23763310,9.029139
2018-05-15,11.03,11.04,10.88,10.99,23548459,9.020929
2018-05-16,10.93,10.96,10.86,10.87,23580345,8.922431
2018-05-17,10.86,10.91,10.81,10.83,18474690,8.889597
2018-05-18,10.85,10.9,10.81,10.9,21717105,8.947056
2018-05-21,10.98,10.98,10.9,10.94,23393724,8.979888
2018-05-22,10.94,10.95,10.85,10.88,16014501,8.930638
2018-05-23,10.88,10.89,10.79,10.8,21194469,8.864973
2018-05-24,10.83,10.84,10.76,10.79,15229580,8.856764
2018-05-25,10.83,10.83,10.68,10.71,19016226,8.791098
2018-05-28,10.71,10.79,10.61,10.76,18370343,8.83214
2018-05-29,10.7,10.74,10.61,10.64,16933980,8.73364
2018-05-30,10.56,10.6,10.39,10.44,32230788,8.569474
2018-05-31,10.46,10.69,10.46,10.55,45532670,8.659764
2018-06-01,10.6,10.69,10.53,10.68,18365527,8.766473
2018-06-04,10.76,10.83,10.7,10.75,16180325,8.823931
2018-06-05,10.71,10.75,10.61,10.66,18692609,8.750056
2018-06-06,10.64,10.64,10.53,10.55,14983603,8.659764
2018-06-07,10.56,10.66,10.51,10.62,23355633,8.717223
2018-06-08,10.55,10.57,10.37,10.42,27181997,8.553057
2018-06-11,10.38,10.43,10.28,10.42,18004293,8.553057
2018-06-12,10.41,10.41,10.3,10.35,16085667,8.495599
2018-06-13,10.3,10.33,10.18,10.21,19961576,8.380683
2018-06-14,10.16,10.26,10.16,10.22,17557528,8.38889
2018-06-15,10.22,10.34,10.19,10.3,19914990,8.454557
2018-06-19,10.23,10.24,9.81,9.92,42988471,8.14264
2018-06-20,9.92,9.98,9.87,9.89,18915740,8.118016
2018-06-21,9.88,9.98,9.75,9.83,23636961,8.068767
2018-06-22,9.83,9.83,9.67,9.76,25040001,8.011308
2018-06-25,9.77,9.82,9.55,9.56,24244380,7.847143
2018-06-26,9.6,9.6,9.35,9.48,24424095,7.781476
2018-06-27,9.41,9.53,9.36,9.37,24913770,7.691185
2018-06-28,9.33,9.61,9.32,9.5,30741337,7.797892
2018-06-29,9.56,9.6,9.45,9.56,19493546,7.847143
2018-07-02,9.55,9.55,9.23,9.29,22669089,7.625518
2018-07-03,9.29,9.38,9.2,9.35,24123551,7.674769
2018-07-04,9.34,9.42,9.28,9.31,14464777,7.641935
2018-07-05,9.26,9.35,9.22,9.26,16495438,7.600893
2018-07-06,9.31,9.43,9.17,9.37,22594443,7.691185
2018-07-09,9.37,9.63,9.37,9.6,22172565,7.879975
2018-07-10,9.61,9.65,9.5,9.57,12402837,7.85535
2018-07-11,9.37,9.44,9.32,9.38,15203933,7.699393
2018-07-12,9.41,9.61,9.39,9.57,19704837,7.85535
2018-07-13,9.57,9.58,9.46,9.49,15026339,7.871941
2018-07-16,9.5,9.54,9.34,9.41,14414119,7.805581
2018-07-17,9.41,9.48,9.38,9.44,13713495,7.830465
2018-07-18,9.51,9.64,9.48,9.51,18922700,7.888532
2018-07-19,9.6,9.62,9.53,9.56,18360482,7.930006
2018-07-20,9.56,9.95,9.47,9.87,33275650,8.187151
2018-07-23,9.91,10.03,9.74,9.96,31484434,8.261805
2018-07-24,9.98,10.14,9.97,10.02,36424560,8.311576
2018-07-25,10.12,10.12,9.96,10.02,15889970,8.311576
2018-07-26,10.07,10.08,9.95,9.96,15206330,8.261805
2018-07-27,9.96,10.04,9.93,9.99,12120067,8.286689
2018-07-30,9.99,10.16,9.97,10.13,20096364,8.40282
2018-07-31,10.12,10.2,10,10.17,18203008,8.435999
2018-08-01,10.26,10.27,9.9,9.91,20741884,8.22033
2018-08-02,9.91,10.03,9.66,9.79,24483871,8.12079
2018-08-03,9.79,9.98,9.76,9.83,16997939,8.153971
2018-08-06,9.97,10.03,9.87,9.91,17444492,8.22033
2018-08-07,9.94,10.12,9.94,10.11,21784661,8.38623
2018-08-08,10.15,10.15,10.01,10.05,13461992,8.33646
2018-08-09,10,10.18,9.99,10.14,17689853,8.411115
2018-08-10,10.14,10.14,10.02,10.07,13172633,8.353049
2018-08-13,10,10.06,9.9,9.98,17927668,8.278394
2018-08-14,9.98,10.07,9.95,10.06,15868585,8.344754
2018-08-15,10.06,10.06,9.9,9.9,14787033,8.212035
2018-08-16,9.87,10.12,9.84,10.06,24323652,8.344754
2018-08-17,10.16,10.16,9.93,9.98,15090455,8.278394
2018-08-20,10.17,10.17,10.01,10.15,26975300,8.41941
2018-08-21,10.18,10.2,10.09,10.12,19786535,8.394525
2018-08-22,10.12,10.14,10,10.09,11993541,8.369639
2018-08-23,10.13,10.14,9.98,10.07,15537812,8.353049
2018-08-24,10.06,10.43,10.02,10.3,32268837,8.543836
2018-08-27,10.33,10.35,10.21,10.33,23266645,8.56872
2018-08-28,10.3,10.38,10.25,10.3,14609685,8.543836
2018-08-29,10.29,10.32,10.26,10.32,10362000,8.560424
2018-08-30,10.3,10.41,10.17,10.17,18621890,8.435999
2018-08-31,10.16,10.36,10.16,10.33,37311724,8.56872
2018-09-03,10.27,10.3,10.17,10.24,14309539,8.494064
2018-09-04,10.21,10.4,10.18,10.37,16353060,8.601899
2018-09-05,10.31,10.37,10.12,10.12,22729232,8.394525
2018-09-06,10.12,10.23,10.12,10.14,10546916,8.411115
2018-09-07,10.15,10.25,10.12,10.19,8995716,8.452589
2018-09-10,10.16,10.23,10.13,10.18,11822813,8.444295
2018-09-11,10.22,10.27,9.98,10.02,19689042,8.311576
2018-09-12,9.99,10.07,9.95,10.04,16506103,8.328164
2018-09-13,10.17,10.3,10.11,10.29,29417198,8.53554
2018-09-14,10.36,10.36,10.21,10.26,16450780,8.510654
2018-09-17,10.26,10.28,10.1,10.15,10535343,8.41941
2018-09-18,10.16,10.26,10.09,10.26,16684789,8.510654
2018-09-19,10.28,10.29,10.2,10.24,18550643,8.494064
2018-09-20,10.26,10.28,10.18,10.22,16307051,8.477474
2018-09-21,10.24,10.49,10.15,10.49,37571431,8.70144
2018-09-25,10.38,10.47,10.32,10.35,15879199,8.58531
2018-09-26,10.39,10.56,10.34,10.41,31175799,8.635079
2018-09-27,10.45,10.48,10.38,10.48,24182714,8.693145
2018-09-28,10.49,10.75,10.44,10.62,37430602,8.809274
